frame,x_prev,y_prev,x_d,y_d,x_cur,y_cur,theta_prev,theta_d,theta_cur
0,0.0,0.0,0.0,0.0,0.0,0.0,150.0,0.0,150.0
15,0.0,0.0,0.0,0.0,0.0,0.0,150.0,3.280082891283307,153.2800828912833
30,0.0,0.0,0.0,0.0,0.0,0.0,153.2800828912833,7.892129118586792,161.1722120098701
45,0.0,0.0,0.0,0.0,0.0,0.0,161.1722120098701,19.29779191598229,180.47000392585238
60,0.0,0.0,0.0,0.0,0.0,0.0,180.47000392585238,5.033100912591555,185.50310483844393
